ClientId,URL
3996,mywildspirit.store
3684,caowthing.myshopify.com
3634,www.birkenstock.in
2828,a53215.myshopify.com
2057,shop.jagermeister.se
2058,madbacksat.shop
1786,ernest-development-store.myshopify.com
2176,nz.frankie4.com
1792,ay-f.net
1514,bao-an-0001.myshopify.com
2080,d22260.myshopify.com
3785,43095e-65.myshopify.com
2141,skylandfashion.org
3295,silklaundry.ca
1756,www.barberitems.com
1138,repurposedonline.com
525,www.med7online.com
2989,spwearings.com
4409,eliseetmadelyn.com
2158,www.quickshopmercantile.online
1231,nappico.in
2143,arieltaub.com
2984,tt-furniture.com
3869,lenkasweetdreams.gr
2319,hbdropnscoop.com
3033,cloud9colognes.com
3741,designstudiopinoo.myshopify.com
2153,insidestory.ca
3103,silklaundry.es
2375,meegslures.com
4664,lightfootmechanical.myshopify.com
1887,www.freestylesa.co.za
3050,www.nookit.in
3118,73d864-d0.myshopify.com
4315,257baf-56.myshopify.com
3423,folklor.ca
3041,gers-sandbox.myshopify.com
3751,lumeaun.com
3165,frankyshop.ca
716,jannat.com
4489,boden-main.myshopify.com
1314,bisquegolf.com
751,santiagocorazon.org
3897,lagreentouch.fr
3738,chainer.com.ua
271,anmol-testing.myshopify.com
2645,www.i-perlen.de
1003,bc-dev-v2-iris01.myshopify.com
4377,botaofficial.com
2487,siranjewelry.com
1437,dusaan.com
2998,magicsproduct.com
3439,floor.hardwoodbargains.com
2747,etsuzette.com
713,siricutico.com.br
906,ravneet-store-3.myshopify.com
3669,kosmicfashion.com
26,centralparkjewelry.com
3482,pazzion.in
4407,go-lunch.ca
2768,checkout-extension-jatin.myshopify.com
2685,thesheriffcollection.com
315,dad5258.myshopify.com
3765,229b6b-b6.myshopify.com
3638,tearoots.com.ua
1551,silumen.com
1227,hexagonica.com
345,embistudios.com
1640,testdata01.myshopify.com
1275,charlierae.com
2496,amsparts.com.br
4342,bestinvezt.myshopify.com
943,eastcoastpaintball.com
1105,hemutest13245.myshopify.com
967,www.alyxstudio.com
2670,apnoia.shop
319,thekawaiishoppu.com
1022,casey-demo-1.myshopify.com
3531,ellesse.us
2923,neven-dev.myshopify.com
2456,dev-entaice.myshopify.com
4750,brandadox.in
2669,www.forevergadgets.store.forevergadgets.store
2309,aibyaj.com
4130,aldo.com.sa
3967,autostore.md
1196,kevins-posters.myshopify.com
4573,www.leather-jack.com
4171,cf164b-24.myshopify.com
1901,uk.danielwellington.com
1475,myfirstfloatstore.myshopify.com
2754,sac2go.com
3008,arteza.co.uk
1038,purple-turtle-1.myshopify.com
3571,mdfprinting.com
21,sma-demo.myshopify.com
2291,bostondiamond.com
2376,thebrandshoppee.com
348,dgallerystore.com
926,whiteandco.com.au
318,unionlighting.com
1672,www.mariavalentinacancun.com
2179,www.ondesk.in
1493,www.icasestores.com
2587,www.ismokraft.com
1622,www.ekaani.com
3496,kazoomx.com
3604,invitatiidigitale.com
4637,www.poloclub.co.uk
555,runningshoes.co.uk
4571,coolcolors.in
51,www.justwatches.com
922,bummer.in
4598,kaas-testing.myshopify.com
3357,sareebuta.com
515,shannon-vjro.myshopify.com
3813,honeyhoop.in
4295,www.unrl.com
3422,zeenwoman.com
3271,wpstore.it
4361,lovepop.de
432,mtg-apparel.myshopify.com
4621,www.rrgroupco.com
3323,www.mensuas.com
135,www.koskii.com
4430,www.thehugex.com
450,www.peace-collective.com
4325,theconranshop.com
1487,www.supafresh.com.mx
1610,tetratcg.com
1336,magasinvivant.com
2245,www.foliewholesale.com
1975,patchers.co.uk
3471,dripdome.store
527,www.alcissports.com
1586,www.enimane.com
2092,mush.co.in
1120,bazarjuju.com.br
2938,fashionablyyours.com
4732,huys.shop
4526,www.acemarks.com
3479,subbjewelry.com
1967,staytwisted.store
4512,eu.boden.com
3520,www.mybatua.com
1575,styleunion.in
300,srstore.in
1932,anand-toy-store.myshopify.com
361,dartgarage.at
2393,test.poloclub.com
1109,autotavara.com
3933,www.lunafurn.com
3319,happynogietsnodig.nl
3910,b2b-dkk.pilgrim.net
4522,sarkanymayorista.myshopify.com
4699,luxlexicon.com
1244,theunionproject.com
4775,sagekart.com
4693,getbinks.com
2433,www.shopmixology.com
1995,www.corneliajames.com
1181,shop.globalbees.com
77,www.luxurionworld.com
4067,karengtheahomkitchen.com
381,mjdevstore.myshopify.com
3094,ritzy.store
4421,www.livowalny.com
3991,borrelli.com.au
2791,clutchitstore.myshopify.com
2816,fredericksburgtxstore.com
4169,storizo.in
4303,theroyalpicks.com
2280,shopwomanandman.myshopify.com
4520,essgee.co
4025,www.sundancecatalog.com
1886,subtlehands.myshopify.com
2349,www.oxleyandmoss.com
3750,www.unifclothing.com
1450,www.medisave.eu
3861,oliverspencer.co.uk
866,royal-prints-electronics-and-machinery-4592.myshopify.com
1182,tetogi.dk
4769,myafricacaribbean.com
4272,vlizior.myshopify.com
2763,dacobi.cz
690,www.merc.com
566,cripplecreekbc.com
851,knife-depot.com
506,redflame.in
4241,noordinarygift.co.uk
3027,eu.bodenstaging.com
710,www.andreaiyamah.com
3300,thelastmonk.com
3560,pageaday.com
4118,inspereza-test.myshopify.com
2950,www.poda-photo.com
3269,drogeriearena.de
4286,bootaybag.com
4167,www.educatodo.com.mx
4503,www.buykud.com
3276,www.superpaws.sg
4782,kodeplaneten-dev.myshopify.com
1364,boden-playground.myshopify.com
2073,tieflyclothing.com
1039,oorjaa-test-new.myshopify.com
4270,www.curina.co
2664,burjushoes.com
2849,www.restaurantfurnitureplus.com
1058,sourabh-dev-store.myshopify.com
3108,anime-autoduft.de
22,anmol-dev-test.myshopify.com
625,shlomitofir.com
4313,diversomen.com
2102,gb-kuber.myshopify.com
2521,notforresale.it
391,littlegreenradicalswholesale.com
4435,www.over-board.com.au
2271,tailsgw.com
3864,www.galerie-vogel.de
1202,www.ivyandoctober.com
3513,superdokan.com
4733,za.danielwellington.com
1713,www.doodlecards.com
1691,www.almarjanstore.com
4204,www.npeal.com
3249,twelvesixtynine.com
1224,nexilo.myshopify.com
4436,fitmacher-aus-der-natur.de
3783,tarpofix.com
3313,overthemoon.com
1137,abhilashkotnala-testing.myshopify.com
1934,marielove-dolls.com
4657,aadyaa.com
4279,gearsupply.com.au
1036,giftbasketstore.com
2799,josiecoffee.com.au
1368,www.silamp.fr
1031,papudesign.com
455,ravneet-partner-test.myshopify.com
1598,rescuedsoul.com
2944,underjeans.in
4255,www.ironbridgegt.ae
4288,theshopyohjiyamamoto.com
3682,www.vparents.co.in
4411,otakustreetwears.com
2631,shopigo.com
1478,deakudibal.dk
1496,loxuce.com
2482,thebearhouse.com
731,brokeundschoen.de
3950,www.ritera.com
3900,montanaadventurescape.com
4357,www.fishingceylon.com
3877,www.dahliadecor.com
706,www.hockeylion.ca
1661,getstarlight.store
4244,zonaoutletcol.store
1042,www.barbershop.no
1352,salty.co.in
4075,fight2win.nl
4195,www.bauhaus.com.hk
3421,directrc.com
3316,shop.soul-cycle.com
4446,decathlon.qa
4260,shopwildpink.com
3369,boutiquebythebox.com
3179,merino.tech
1484,deakudibal.no
306,carringtonlighting.com
2049,inn7-fashion.com
2475,justpillows.com
2937,www.bitzoutlet.com
3502,test-tbi-4.myshopify.com
538,de.gobicashmere.com
3368,seedarmory.com
1205,www.vitruta.com
1348,www.ckbradley.com
2858,superclub77.com
4300,www.levoluxe.ca
3011,www.adorehome.ro
1752,moondancemagik.com
2347,girlgang.mx
533,hummel.net.in
3445,kitchenvibe.us
2894,grupporaffaella.it
3412,www.cleanlinesurf.com
53,www.purplepanchi.com
55,fashor.com
4433,opinel.com.au
4034,49c15f-4f.myshopify.com
3557,mzgoodz.store
1482,deakudibal.de
2765,dacobi.eu
4344,www.massagesesselwelt.de
2688,thestylerack.com.mx
4257,stillist62772737.myshopify.com
746,www.goldelucks.com.au
4032,deodap.in
3631,www.khy.com
4448,decathlon.com.om
2730,www.bellamoreperfumes.com
1979,thesolist.com
3905,amandabrightdesigns.com
3221,letterfolk.com
2583,simonerocha.com
382,books.bahai.org.uk
1573,style-union-staging.myshopify.com
3640,www.groovygroomsmengifts.com
2614,db-journey.myshopify.com
3930,shop.cyberxgaming.com
3658,df78c2-a6.myshopify.com
4563,luckyxshoping.com
680,www.aaheli.com
1582,www.mynooky.com
3616,aspesi.com
3232,sandbox-simon-pearce.myshopify.com
4326,www.northernfitness.ca
2853,audumbarsnacks.com
4289,www.yonben.com
2022,www.neretravel.com.au
3766,www.shopplthome.com
4706,blast1.store
4566,giriusa.com
2829,quickstart-f6e68eb4.myshopify.com
3921,www.devoiler.in
461,www.sportpodium.com
1290,francinel.com
3054,twiish.store
1485,deakudibal.co.uk
3700,choosebest.online
4047,xpertcleaning.dk
2189,www.amakipkip.com
4494,eosfootwear.com
2961,www.dev.hallmark.co.uk
3876,www.matsmeier.com
1412,bluedogdelights.com
3875,pintosboutique702.shop
3124,northsideusa.com
3342,sirenaaquatics.ph
758,us.blakelyclothing.com
2047,4258e0-5.myshopify.com
4614,steylo.com
4231,dressfolk.com
4371,scalpers-checkout-extension-01.myshopify.com
252,sugr-artisan-bakery.myshopify.com
2186,duckworthroad.com
4474,novel-nexus.com
543,shop-ourkids.com
1939,huubdesign.com
1010,danielleguiziony.com
3173,lojapetmais.com.br
1860,apac.danielwellington.com
3808,dovetailworkwear.com
3579,mangatutto.com.br
2126,www.idgaming.co.uk
3584,tgc2b-test.myshopify.com
2983,arteza.com
2414,www.graysondevere.com
1146,sunrise-b2c.myshopify.com
2817,www.larosela.nz
3248,johannwolff.com
3803,freshlyexoticapparel.myshopify.com
2810,www.resttherapy.ca
429,vuarnet.ca
2112,nuelookathome.com
2767,factorydirectdental.com
2813,thecambridgeshop.com
4340,baybridal.nz
2312,www.homzi.com
1313,barrym.com
3723,frank-and-eileen-staging.myshopify.com
3298,nagelfraeser-shop.de
1099,gir.co
1148,www.medisave.co.uk
663,www.blancspace.com
4197,saralhome.com
2580,ignee.fr
642,www.aglaiaco.com
1037,www.dapper.no
2839,authentics.club
3779,www.ladiesse.com
302,lightscanada.ca
2542,thebaytreecompany.com
673,uniquemaps.co.uk
2926,ayush-awasthi-store.myshopify.com
569,unique-paris-test.myshopify.com
1511,auth-flow.myshopify.com
4020,dramaticflavors.com
4001,70dd24-1c.myshopify.com
1090,binnebuite.com
2936,batch95.com
800,www.souschef.co.uk
3208,behandelstoelshop.nl
3901,blednaa.com
3595,aurorascharms.com
4007,d13f18-8d.myshopify.com
4122,www.sonzero.com
1334,spikeprague.cz
4308,www.salonweardirect.co.uk
3145,eilaf.pk
2005,judogear.shop
27,ravneet-dev-store.myshopify.com
842,marywalter.net
4626,homecraftology.com
667,thetintedstory.com
3430,www.lakshita.com
2782,global.indiansilkhouseagencies.com
65,www.massmvt.com
1985,johannestestshop.myshopify.com
2274,www.naughtyknickers.co.uk
766,blctest.myshopify.com
2940,ff5bb9-6.myshopify.com
4097,techhouse.sg
4127,rebeltideshop.com
3526,www.customthrill.com
2099,savyahome.com
2786,danozdirect.com.au
2366,tumbleweedplants.com
4380,www.neweracap.co.uk
3922,2c2dc4-28.myshopify.com
3873,6f28d0-35.myshopify.com
3073,www.hauster.com
889,rivnobuhikostore.com
4112,www.drwoofapparel.com.au
4532,13b907-b3.myshopify.com
1407,keepitclassicvtg.com
3572,www.jumpclothing.com.au
1636,us.rodial.com
1147,www.alamodelabel.in
1698,akaibustore.com
1131,linnwold.com
4568,amounee.com
1294,francecroquettes.com
2699,premiumdepotusa.com
2716,keeprcollective.com
1591,msoorstock.myshopify.com
2624,vondiamonds.com
3797,xo-10.com
4284,3dprintsm-445566.myshopify.com
4642,gcc.danielwellington.com
3656,hubtonic1.com
2247,theworkwearstore.eu
4702,nordicdream.dk
726,www.emmettlondon.com
4410,www.mrcollectable.com.au
4434,leatherman.com.au
4278,ledlenser.com.au
2653,www.santamadonna1891.com
4114,diypopcandy.com
4012,sheetalbatra.com
1445,toysuperstore.com.au
2348,byher.store
2081,book-nook.fr
2072,pitipa.mx
4064,madonnafitness.com.br
1060,entergallery.com
3891,www.thebestbackyard.com.au
1894,a-es-house.myshopify.com
2775,www.khans.store
3109,fausto.in
2079,www.crewcouture.io
4470,callan-test.myshopify.com
4366,hutch-design.com
4464,checkout.evesaddiction.com
3046,www.maerkbare.dk
4066,cultstore.com
1835,employees.alyxstudio.com
3646,reverseandrewind.com
2082,www.thenaturalwash.com
3866,funspire.in
4058,www.emprada.com
2065,www.superkicks.in
2497,levi.in
4773,zquarepuzzles.myshopify.com
79,thedecorkart.com
1734,nl.aybl.com
4721,stadiumgoods-prod.myshopify.com
4184,shopmulmul.com
1243,www.simplynam.com
1287,retroshirts.ch
3097,www.asiamarche.fr
3162,maaandbaby.com
895,www.vetnpetdirect.com.au
4414,livelyhoodmall.com
2406,rickyshobbycorner.ca
2945,www.floraly.com.au
4235,www.fitnesswear.com.mx
2193,softserenade.com
4698,cultivated-dev-store.myshopify.com
3726,uk.dbjourney.com
4542,shopplanetbylaureng.com
3562,lucienstore.com
3110,hollandsworkwear.co.uk
3270,kappersstoelshop.nl
3935,www.ventti.co
267,www.wallacebishop.com.au
2174,www.saturdaysnyc.com.au
3824,7e9f00-43.myshopify.com
1993,www.marielove.de
3867,adultfoodnbeverage.com
2195,thefitville.eu
3362,boden-main-playground.myshopify.com
1452,hoopinnlootin.com
4425,theuniformstore.ie
2283,callashoes.co.uk
3466,evryjewels.com
4500,universkawaii.com
3153,us.newenglishteas.com
4431,www.ragingbull.co.uk
4456,fjallraven.com.au
504,www.lavantgardiste.com
4761,trainwallart.com
2720,marxensudlejning.dk
3508,www.nadinemerabi.com
3082,www.siliconwives.com
2764,dacobi.hu
1370,www.nkuku.com
3758,3f9733-47.myshopify.com
4233,kawaiicornershop.com
4029,ashcreationsdesign.myshopify.com
2879,www.3qworkwear.co.uk
2101,www.thebutternutcompany.com
2766,dacobi.pl
562,islandtrends.com
2910,oecjewelrymart.com
4739,petsgalaxi.com
4633,89thandmadison.com
4443,ecigone.co.uk
1608,zarzour-group.com
2466,urschatz.de
437,www.inseasonjewelry.com
3318,www.inventa-networks.at
2705,outdooradventurestore.ie
3328,www.halcyondays.co.uk
1957,www.cogstoysandgames.ie
1833,supplymaster.store
2634,www.amazinglace.com
1558,eu-store.isseymiyake.com
3268,www.kreeva.com
2964,www.evlaistanbul.com
737,lellajewelry.com
1172,demo-store-2798.myshopify.com
2276,he.penguindojo.com
3337,www.wrapsandblanks.com
2430,nadiia.world
4247,www.wedtree.com
4360,www.paperandglass.co.uk
2384,drakkareshop.com
955,mixe.store
4217,fcbcc3-0b.myshopify.com
3180,www.voganow.com
3759,summerproductss.myshopify.com
3757,sgppe.co.za
4492,missodd.com
4704,motorrace-store.myshopify.com
1942,bad.no
3216,dildho.com
632,demo-nike.myshopify.com
3946,420496-37.myshopify.com
4550,www.pamelascott.com
4440,bunkercolombia.co
1965,nanamacs.com
1140,esc-matt.myshopify.com
3936,ad995c-bb.myshopify.com
2106,foreverthrift.shop
3407,rockbee.cc
3302,salonplus.it
2641,martchoice.net
3844,lq-worldwide.com
3794,obras-theme.myshopify.com
4352,l-t.de
262,bdgastore.com
4175,grancrest.com
3732,jennacooperla.com
2499,hebeloft.com
1714,kocumoto.com
3918,shop.brianebarry.it
4451,www.emporiosale.com
2796,www.japaniful.com
1900,us.danielwellington.com
2444,theworldmall.com
1924,geektropical.com
1398,www.madetrade.com
2882,www.giftsmack.ca
2715,rlvd.com
1449,shakehands.co.in
3835,elital.co.il
50,bonorganik.in
3086,suspire.in
2676,amilexdrelizeo.com
3400,dimensionjoias.com.br
1381,theindianethnicco.com
3195,de.vetsak.com
2151,trixsterse.com
1259,www.hakahonu.cl
2605,konceptstore.nl
974,www.elietahari.com
1070,shopmodaposa.com
4767,scout-vintage.com
2243,varanga.in
4535,fossilavenue.myshopify.com
4620,her-age.com
2304,crocodile.in
954,mixetest.myshopify.com
30,searchtap-demo.myshopify.com
4426,obnbeauty.myshopify.com
4387,www.pichara.cl
2952,enchantedg.myshopify.com
4719,554655-fa.myshopify.com
3887,camelsupplies.com
4281,www.furniturebazaar.com.au
3934,69db64-b8.myshopify.com
4330,lucid-club.com
3863,favourbrook.com
3149,store.ascmag.com
4694,rapanuiclothing.com
4677,b72123-50.myshopify.com
3166,canggu-sbiu.myshopify.com
3657,f3ac50-d2.myshopify.com
4510,galxboy.co.za
3134,www.nerias.com.mx
3273,houseofaltair.com
2044,thienthanhmobile.com
1784,ilcocciocastellanagrotte.com
2107,www.baseus-australia.com.au
1762,metalmulisha.com
276,www.bestpysanky.com
251,stylishloox.myshopify.com
2822,www.purplinx.shop
259,www.maternitybylovenine.com
1788,shiawaseconcept.com
203,www.fightingfame.com
2159,amazingegp.com
119,bolina.no
4551,store.177milkstreet.com
1323,polomano.com
4140,snackcentric.ca
4351,allthingsbaby.com
4251,www.gardenesque.com
905,club.craftginclub.co.uk
3476,justsimcoe.ca
4641,www.kidly.co.uk
1588,saviifashion.com
3335,wellness-dispensary.shop
3354,yakirabella.com
2761,dacobi.si
808,pixeltech-1495.myshopify.com
4323,www.mukama.com
792,wabhometechnology.com
1743,global.danielwellington.com
3014,houseofmajestic.com
1194,hatkebride.com
1525,qcv-1.myshopify.com
167,shroombeach.com
44,www.kushals.com
3687,angiesplanties.com
4665,8b79d8-7d.myshopify.com
4345,f4ed3c-49.myshopify.com
4259,d0ea1a-36.myshopify.com
1377,www.houseofchikankari.in
2744,goldandoakco.com
4473,5c185b-af.myshopify.com
907,www.ugaoo.com
2046,shop.jophiel.fashion
2486,www.i-beads.co.uk
4318,www.kachel.com.au
1885,ca.danielwellington.com
4419,uae.boggi.com
4177,silklaundry.com.au
3455,perfumebrands.net
2436,indiansilkhouseagencies.com
431,shop.menz-style.com
2473,nowshopfun.com
2902,maribaudi.com
1774,joymodeldoll.com
986,www.platanomelon.com
2601,www.theworldmall.ae
453,cottagecorely.com
464,things-other-things.myshopify.com
4332,5a4abe-56.myshopify.com
1427,test-store-dawn-osolinski.myshopify.com
243,test.pilgrim.net
4504,day-store.eu
1730,aybldev.myshopify.com
560,islandtrendstest.myshopify.com
831,vanillamoon.in
1207,bicyclewarehouse.com
2970,www.bodenstaging.com
2830,www.agroexelixi.com
3472,phalphool.com
3384,leafandclay.co
610,www.houseofvardha.in
245,foxyboxy1.myshopify.com
2125,thecountycooperage.ca
3308,crazyfitzz.myshopify.com
2623,avenger4x4.ch
3865,montello.gr
4703,sessastore.no
2743,sneakersouqq.ae
3329,itsplanty.com
1731,www.aybl.com
3811,bacchusantik.com
451,attrangi.in
4643,www.goruck.com
4417,ef2ded-93.myshopify.com
812,artknit-studios.com
2094,www.kozicarein.com
535,helphannah.myshopify.com
1187,obchod.lalitera.cz
3125,jahmayca.com
4382,www.canadaguppies.com
4753,89da4b-d4.myshopify.com
4447,decathlon.com.kw
1237,shop.thepadelclub.com
3339,310c7c-b7.myshopify.com
558,www.nine6ixe.ca
1865,searchtap-dev-test.myshopify.com
43,baccabucci.com
633,tribaloutfittersusa.myshopify.com
696,cosmic-flambeaux.myshopify.com
4725,www.robshop.fr
3544,phineas-gage.com
714,ukvapedealsdirect.co.uk
721,the-union-project-ltd.myshopify.com
454,us.koskii.com
4482,takshitim.com
563,thewonderstore-dev.myshopify.com
1081,www.poketo.com
406,irococo.com
3986,stax.com.au
3007,beyondcanva.com
3948,ukrgifts.com
764,thevirtualvalley.myshopify.com
768,thecatalougestore.myshopify.com
781,tvgwirelesslimited.com
786,sweatfenixstore.myshopify.com
1742,kings-vessel-vault.com
3677,quickstart-d015ef9c.myshopify.com
2524,diversity.pk
3402,www.gooddope.store
1597,lunalovefashion.com
2411,sweetbellebags.com
2307,www.lividjeans.com
509,kazo.com
3192,vinoboutique.at
791,xqsneakers.com
3363,meoclock.com
3523,amandapearl.com
1442,www.milyestudio.com
865,shinkorea.com
795,sareewave.com
4517,cb032a-13.myshopify.com
1210,www.smartsuppl.com
1537,thelabellife.com
2697,slikandsleek.com
3987,moonlightjewells.com
4309,d4cfe8-4e.myshopify.com
3561,www.33-mm.com
2302,coursdecrochetparis.com
1028,lukosius.art
2751,avelegato.com
4293,yellowchimes.com
64,nhl-1-2.myshopify.com
3378,mybeautysite.com
3690,thebluezumrud.com
3297,renaudo.com
1618,www.kokoma.com.tr
3851,om3ga-store.com
4316,www.curvaluxbodysuit.com
4092,www.lighttrends.com
941,tmdesignstudios.myshopify.com
1057,paintvibecom.myshopify.com
4485,verlinne.com
4416,www.robertabbeylightingstore.com
4746,the-collective-lhe.myshopify.com
4450,decathlon.bh
4774,4811b9-a2.myshopify.com
3956,onenapkin.com
3119,www.thebeadchest.com
191,mapi.com
2249,dripbruv.com
1980,sanskarsarees.com
4383,the-velli-kadai.myshopify.com
2194,theslint.myshopify.com
4163,www.marasgreen.com
42,www.sundariihandmade.com
2008,www.kennyslist.art
2682,theperennialember.com
2863,trade.nkuku.com
4432,cubosupplies.com
4052,unlimited-singingbowls.com
1339,www.houseofmirrah.com
4429,fitzaflorilor.ro
4072,commit-watch.co.jp
4658,shop.cityofdavid.org.il
4650,confiseriecie.ca
3907,pandacraftstudio.myshopify.com
4191,janaviindia.com
880,painangain.com
931,hjwebdev2.myshopify.com
1761,eu.roarkrevival.com
4638,day-store.se
1506,naturallisuplementos.com.br
844,www.helidirect.com
3242,two-brother-organic-farms.myshopify.com
1781,namamacsdev.myshopify.com
2840,www.wigstorehairandbeautycanada.ca
1151,teeswag.co
4666,donsdiscount.com
4541,www.astes-sports.com
3188,sxdgxds.com
4717,9ea077-c9.myshopify.com
3603,justwines.com.au
2652,desiclosetindia.com
1404,milvertons.com
1625,fashionpov.com
678,samples.sale
4085,glowgenesis.com
4359,animediaent.com
4465,panama-hifi.com
2565,donvino.in
4395,theterrashop.com
640,shlomitofir.co.il
3450,twobrothersfood.com
4479,karishmaashita.com
2360,whitesdiamonds.com
2168,etc-store.eu
1508,roucha.com
3037,hollandscountryclothing.co.uk
2282,the-borjas-donut-plus-store.myshopify.com
1861,au.danielwellington.com
1874,brainmonkey.shop
3331,objectshq.com
70,ultykhopdi.com
1219,2c32c4.myshopify.com
1321,stellarwayselectronic.com
2777,jouelgoldcollection.com
2361,www.bashobyila.com
1035,kisna.com
1512,usekahla.com
2284,simpleshopperus.myshopify.com
3280,shop.publicrec.com
367,beadaholique.com
3850,pearch-test1.myshopify.com
3462,www.skiviez.com
4268,cariuma-testnew.myshopify.com
3633,test-kita-plus.myshopify.com
2657,toysrus.com.au
3288,quickstart-5b3644ec.myshopify.com
3510,jaliban.com
3238,stephaniegottlieb.com
4543,sollux-led.com
1594,doubledownsnkrs.com
1736,fr.aybl.com
2013,ghpc.in
3012,upishoppy.com
2323,jollyty.com
1369,elegances.shop
4596,arabicparfums.com
3518,pingpongclothing.com.au
4400,thenestique.com
2943,www.roodyitech.com
2627,theoures.com
1253,mamaandpeaches.com
4670,versatilegoldmine.myshopify.com
58,www.kidsatelier.com
1375,20b546-2.myshopify.com
2847,pouster.dk
4644,www.stadiumgoods.cloud
1414,instasellshop.myshopify.com
1458,organnicdxb.myshopify.com
2293,aimervivreclothing.com
1199,gloryconnection.com
1464,doz-and-co-4861.myshopify.com
3220,pehnawaformals.com
3623,book-nook.es
3565,www.gmt-tokyo.com
1167,jmaxprinting.com
3307,thelavishliving.com
4166,gorettymedina.myshopify.com
4168,ronleighsmusicfactory.com.au
393,flutuarteshop.com.br
3729,easypoems.myshopify.com
3736,www.mariechantal.com
4146,mohamed-dev.myshopify.com
1543,glowcity.store
3197,us.vetsak.com
1546,kikolostores.com
1601,spacesavingbed.com
4210,lifepattern.kr
4263,recolon.shop
3525,babiesrus.com.au
1562,orphan-ink.myshopify.com
2328,adolata.com
4708,test-komatsu-ver1.myshopify.com
879,www.thefabfriend.com
3444,www.us.nadinemerabi.com
4636,moeclothingcompany.com
3898,gant.in
1590,quickcartco.com
725,empresscandles.com
1585,elliandcompany.com
1599,ginaulrichx.de
3203,efce08-2.myshopify.com
3542,quickstart-7f8e75cd.myshopify.com
4613,sortimize-app.myshopify.com
2663,aroseonline.com
1642,9f66d7.myshopify.com
4583,kustomkreationzbykila.com
1687,ladieteticabo.myshopify.com
1688,b16399-2.myshopify.com
1751,chickicks.store
1755,orangeprintco.com
2490,toyosu.cielosiro.co.jp
1919,www.unspokenfashion.com
4552,local-eclectic-dev-store.myshopify.com
4712,furryfriendsfinds-shop.com
4339,a5c28d-03.myshopify.com
1836,www.shopbeautibags.com
4616,theoutlet.info
735,participantvinyl.myshopify.com
1855,shopmixly.com
1671,wxmclothing.com
1741,boadevelopment.myshopify.com
1088,carbreakers.ie
1890,topbrandsstore.de
861,rameen-practice-store.myshopify.com
2441,cbathleticwear.com
2793,hlcvn.org
4731,soneven.com
561,ravneet-affiliate.myshopify.com
1768,www.secretlabel.co.uk
3702,sensualsecretboutique.com
3538,thetradehub.au
1150,plantlane.com
4043,24ff1e-09.myshopify.com
1906,www.maisonflaneur.com
3816,ultimatehobbies.com.au
4759,lojaboleragem.com
1954,bab307.myshopify.com
2100,ushashriram.in
3725,www.hiyori-japan.store
1925,www.afrikanizm.com
3458,mashriq-new-store.myshopify.com
3888,modernbin.myshopify.com
3043,allegrastudios.myshopify.com
3575,storefront.sandbox.thepetshop.com
4557,youbae.in
2811,www.gowfb.com
4262,starryvarnish.com
3467,shopgoldentribe.com
3405,luveille.com
3072,www.stage.hallmark.co.uk
2834,noidapiccoli.com
693,www.manchesterwarehouse.com.au
3442,insidepapelaria.com.br
2041,www.endofwatchheroes.org
4116,gemglim.com
3474,www.gamtaorganic.com
4445,decathlon.ae
4292,www.inflationstreet.com
3714,souk-europa.com
857,store.streamspell.com
359,purplecoyote.store
3983,cccd3d-c3.myshopify.com
1238,my-day.ge
4546,acepalsgolf.com
4646,shoptarz.com
2809,www.rusticclassics.ca
4671,aacafe-f7.myshopify.com
1179,a4c79c-2.myshopify.com
3312,www.lingeriediva.com
1089,deal-shield.com
3304,pagliariimports.com.br
4649,www.alahmedstore.com
4505,beautecollection.pk
4062,anahbridal.com
3159,ggculture.com
968,old-school-shaving.myshopify.com
3676,www.doveggs-seattle.com
4780,mademoisellezingara.com
2735,qualisum.com
3807,vasile-test-store.myshopify.com
426,www.swixsport.ca
2671,snowskierswarehouse.com.au
3539,outfitsuche.de
1456,traditions-development.myshopify.com
2831,teanrose.com
4173,www.sydknifelover.com.au
2986,dev-zippy.myshopify.com
3193,teststoreforkomatsu.myshopify.com
4115,mercive-raebel.myshopify.com
3373,checkout-extenstion-gc.myshopify.com
1016,crackheadapparel.shop
4711,theomochastory.com
4688,igeekjo.com
3994,www.saintmaloplage.com
3536,loadedlifting.com.au
2734,apartir.store
3629,howlandhold.com
4707,wholesale.jastapparel.com
4554,nonstaff24.com
1883,www.stylesavantsboutique.com
3435,www.alphaweebs.com
2640,lightandfit1.com
2502,www.creaturesofhabit.in
380,erp-test-hugh.myshopify.com
2845,cielogames.cielosiro.co.jp
2532,urbanoak.ae
953,debaysement.com
2780,modenaturelleclothingandhomeco.com
1297,www.tinyminymo.com
2004,tarafdecoration.com
4635,goodvibecart.myshopify.com
2825,moenstore-dev.myshopify.com
3069,kameehouse.com
4393,www.fizzygoblet.com
3533,mydrobe.pk
4337,www.sizphic.com
448,nav-dep.myshopify.com
1771,www.ambarjoyas.cl
965,www.bekindramae.com
3176,d877f9-d5.myshopify.com
4225,www.bigdealtoys.co.uk
4056,gifts.thechosen.tv
2976,iceiano.com
4508,inn7fashion.co.il
3494,clubhousecards.com
394,supertails-test.myshopify.com
1708,www.eshaalcollection.com
3044,della-stg-new.myshopify.com
4691,www.anekay.com
2617,thepetpoint.store
4102,deinepause-deinkiosk.de
3111,hollandslongcoats.co.uk
74,tipsyfly.com
874,www.superga-usa.com
3825,karhu.com
2358,wxm-clothing-us.myshopify.com
3122,dailyplus.ro
1829,killingtonsports.com
3999,modaxpressonline.com
4680,5ef2c5-42.myshopify.com
4496,ylebrastest.myshopify.com
4250,www.schwalbenliebe.com
1065,kidultverse.com
3514,tgc2c-test.myshopify.com
1568,www.ihnomuhnit.co
1270,www.lippioutdoor.com
3489,mercvirtyevel.com
2912,hkids.store
3784,moonseno.store
2530,www.ribbonize.com
2736,thesavagelondon.myshopify.com
3093,shhcreations.com
2887,www.shopglamrum.com
4751,fantastiquestore.myshopify.com
4200,www.dierenparadijsonline.nl
2857,ejoystore.xyz
1322,www.iconicindia.com
4381,www.neweracap.eu
3352,oneblockdown-com.myshopify.com
272,littlegreenradicals.com
2437,thestuffactory.in
1888,akrikks.com
3198,za.vetsak.com
3846,margeforhumans.com
2370,autoupload.myshopify.com
2582,theviashop.com
3330,2725ae-2.myshopify.com
3183,cheapsx.com
732,www.maisonlipari.ca
4185,www.disturbia.co.uk
3806,oberberg-fundgrube.de
3290,marvis.life
2759,organicshakil.myshopify.com
2386,lynott-jewellery.com
2424,skippershoes.store
3504,circleknovelty.com
4216,teststorewebsite17.myshopify.com
3522,sophieprintmaking.com
759,polibicalho.com.br
2070,kompsos.co
4348,test-store-brandon-2.myshopify.com
151,www.libas.in
3136,gwsnaturebloom.myshopify.com
2904,72a9fb-cc.myshopify.com
368,negativebox.ca
4084,www.thecantonchristmasshop.com
2808,www.urbancali.ca
3773,craftyfisherman.com
2784,shopminty.com
3695,www.simpleedelish.com
3620,luxorialand.com
4413,www.lelucilabel.com
3096,candycatz.com
4258,mitchellandness.mx
1867,tr.danielwellington.com
3338,461cd3-2.myshopify.com
1490,thirdparty-wheel-trials.myshopify.com
4511,us.boden.com
2881,www.gotham-library.com
1331,dev-store-ecommerce.myshopify.com
3150,bonsai-with-steve.myshopify.com
4687,hilodenubeoaxaca.mx
3077,rinconzen.cl
3855,stagdev.myshopify.com
2330,cedarbridgebotanicals.com
4220,themusiciansclub.net
811,www.blinglittlething.com
3840,aplanta.de
4466,fgainnier.myshopify.com
4182,www.retrieve.store
2439,6777e0-3.myshopify.com
3199,nl.vetsak.com
4404,espatika.com
3673,www.citrusclothing.in
3040,metrobrazil.com
2160,www.theplatedproject.com
4764,www.bytecart.com
911,dynasort.myshopify.com
1918,fourpawstreats.com
3253,hofnl.com
2818,fidgetandfocus.com
3947,demagnnie.us
2966,electrominor.pt
3234,www.aqshine.com
4540,prints-frames.co.uk
3976,www.everythinghome.co.in
1326,memomamo-net.myshopify.com
80,tcg.goodgames.com.au
4467,www.shoppingmatriz.com.br
1633,snooplay.in
975,www.aina.in
4027,exercere.no
3465,kappa-usa.com
2380,roo7ed.com
2680,soulperformance.com
3128,nickis-baechstaedt.myshopify.com
4748,rzist.ae
2173,itsdesirablegifts.myshopify.com
3926,flourishplanet.com
3988,yvesrocherusa.com
4367,mystorethebeet.myshopify.com
523,www.watchrepublicshop.com
3324,quickstart-01cb6b29.myshopify.com
4287,test-dawn-pickup.myshopify.com
4374,www.mithologyc.com
1328,lagirlverse.com
3309,www.fidenza.com.ua
4226,www.alyceapeacockboutique.com
3951,sachtiengviet.com
4365,squadafum.com.br
3715,www.enigmatic.mx
3196,vetsak.com
3130,www.newenglishteas.com
1923,progressjj.co.uk
1716,unelefante.mx
2250,theloyalrocket.com
1468,ticks.lt
4460,bloomparfimerija.com
1526,26f45f-3.myshopify.com
4786,dr-sheths-development.myshopify.com
4054,vspconsignment.com
3229,nindastore.online
1826,thefitville.uk
4252,golfteamproducts.com
1735,de.aybl.com
4048,thebharatspecial.myshopify.com
3674,klamby.id
1732,us.aybl.com
641,www.lucabarra.it
3661,marlasfashions.com
631,sockup.fr
1576,www.mulmul.com
2525,nrfes.myshopify.com
4402,www.gentlemanfarmer.fr
3376,www.inflation.com.cn
3942,vinit-store-2024.myshopify.com
1341,shop.glitchcustoms.com
3080,novhara.com
4267,www.thevaultbysacha.com
3142,www.xamo.co.uk
4487,www.victorytailgate.com
1400,papu-design-de.myshopify.com
3586,www.vincileather.com
4632,summergracegoods.myshopify.com
4026,goodfordogs.com
4061,felinebay.com
4480,qatarmoms.com
1893,ineedfabric.com
1750,viralsneak.com
31,www.amydus.com
1866,in.danielwellington.com
4192,global.janaviindia.com
3403,cheetahperformance.shop
4176,www.milkweedbaby.com
288,pashtush.in
783,harmonyacosmetics.com
3463,www.erogenos.com
3250,ecshowroom.mx
4212,founditpreloved.com
3920,ambraee.com
2553,digitalhubgoody.myshopify.com
4329,kverkus.lv
1693,www.territoryahead.com
3424,www.rareism.com
2019,bellaneva.com
4320,proshunter.com
2742,femmeflaunt.com
1724,learning-development-store.myshopify.com
3447,paddev.myshopify.com
1250,saracampbell.com
3311,dezlen.com
777,gipsyonline.com
755,www.andamen.com
4131,www.violethamden.com
3839,skylinedecor.com
933,baukjen-dev.myshopify.com
4019,winfreyfoods11.myshopify.com
747,beautifulearthboutique.com
37,shopify.fablestreet.com
3989,us.marlasfashions.com
3375,abd8ac-7a.myshopify.com
816,spykar.com
4068,dx-test-dasha.myshopify.com
3074,genzee.in
3931,atonlinestore.com
3896,pino-production-01.myshopify.com
72,zouk.co.in
2470,v1tech-5904.myshopify.com
1184,devonstudios.org
268,dyvascloset.com
1782,looastore.myshopify.com
3959,yaxmoods.net
914,ravneet-orders-testing.myshopify.com
3360,oneblockdown.com
2190,a99d90-2.myshopify.com
1626,tw-spares.com
4676,917dc2-97.myshopify.com
3981,oleel-sa.shop
307,supersports.com.vn
463,bbq-land-dev.myshopify.com
898,www.exoticathletica.com
1319,soloapparel.net
4600,www.khloefemme.com
3545,www.berrylush.com
618,ravneet-store-1.myshopify.com
3802,storefront.thepetshop.com
2619,giri.in
4087,www.blueq.com
4515,webi-ai.myshopify.com
4335,vapepodbazar.pk
1158,bluestarbazaar.com
2638,www.i-perles.fr
4035,therugline.com
2510,desireafterhours.com
4227,photonforg3d.com
544,odmtesting.myshopify.com
4243,www.wholesaleprintables.com
3752,www.diamondlux9.com
4406,anihub.org
4215,padelape.com
3799,shop.jedermskinatelier.com
1770,www.fillyflair.com
2897,furbishstudio.com
1557,paintedd.store
4350,www.snafflingpig.co.uk
1654,kai-la-rues.myshopify.com
3457,clothify.pk
4558,fmvogue.com
2924,www.theskippingstone.com
1026,www.chally.ma
3343,claybymo.com
1029,castorina-co.myshopify.com
4285,billybilslandcycles.co.uk
1098,niccolo-che-testa.myshopify.com
4463,evesjdev.myshopify.com
4003,carpient.com
3548,goplaymore.com
332,itokri.com
2975,www.parvatclothing.com
1570,canvaslab.com
29,www.boat-lifestyle.com
1907,nathan-home-staging.myshopify.com
4747,meubelbestseller.nl
4372,jaylinjewelry.com
4710,josephinenord.dk
4668,39b416-c9.myshopify.com
3716,www.bonvion.com
3132,brownie.com.mx
1443,ragenationapparel.com
1629,shopgalvancollection.com
1846,blingamore.com
815,orders-testing-2.myshopify.com
2266,koldman.myshopify.com
3662,www.kenza.cl
3263,simplysaintdesignz.com
867,www.aachho.com
821,ghouseplants.com
2485,coirostore.com
4161,dat-od.myshopify.com
2458,insider-staging.myshopify.com
1984,shop.memeda.us
3583,www.wilbanksreptiles.com
976,izac-paris.com
1991,crownstore.ca
3413,ribelle.in
2850,stylum.in
3912,b2b-gbp.pilgrim.net
3010,www.concept-usine.com
723,www.linenmart.com
3366,auvisa.com
1931,heydough.ca
2977,cuadra.com.mx
2647,www.inwohn.com
2572,www.monatsgeschenke.de
3730,freakins.com
3154,shoplocale.com
2399,www.poloclub.com
3022,www.loriblu.com
2566,akjewels.pk
4785,696a43-1c.myshopify.com
3748,traning-batch-june-2023.myshopify.com
2503,www.groovygirlgifts.com
4290,isku.fi
2095,www.routeone.co.uk
3281,www.thekit.com
3206,www.neptunemountaineering.com
4386,dreamyou.fr
3512,emiliojewelry.com
2615,www.i-perlen.ch
1291,shadesoffashion.myshopify.com
4079,midnight-florist.com
3854,eu.dbjourney.com
3886,modernmetier.com
4469,karley-eves.myshopify.com
855,suta.in
3972,www.libertyshoesonline.com
330,milrazones.com.mx
3191,fr.vetsak.com
4556,canoopi.com
2449,www.txfowlers.com
4555,gasper.co
1071,soleseriouss.com
4049,thechefpadshop.com
1423,nynm.in
4471,ca-eves-dev.myshopify.com
1651,www.santex.io
1401,www.shoplibas.com
4010,turquoisenetwork.com
2819,trendia.co
4089,westilee.com
1737,eu.aybl.com
1921,gottago.in
4533,03bf43-0f.myshopify.com
4338,ca5555-2.myshopify.com
2867,www.platanomelon.mx
753,www.medisave.net
1269,antry.co.jp
1990,www.sexual.toys
2643,selektions.com
3580,gold-muse.com
1685,www.kadriyebasturk.com
2301,b9fb48.myshopify.com
2753,www.truecontemporary.ca
4734,infftru-shop.com
4498,hdbuttercup.com
2040,crazytomtshirts.com
2313,www.stonehollowfarmstead.com
2460,belstilo.hu
1627,www.keepsgettingbetter.co.uk
3944,www.silvertraq.com
2995,www.ellu.com
1971,eta.hu
4088,www.nestern.in
4299,www.cieuxpatio.ca
4024,mstore016.com
996,aldoshoes.co.uk
3396,accessorize-99.myshopify.com
4623,day.dk
4082,evolvefitwear.com
2440,shorelineoffroadco.com
3577,ogatodasfraldas.pt
4697,www.toynk.com
298,www.baroncollection.com
3793,cheerimuse.com
3083,godzilla.com
2547,steinmart.com
614,axome-42.myshopify.com
1754,shop.mariecurie.org.uk
1928,test-store-shreya2023.myshopify.com
2996,www.tallsize.com
3401,maisonhorizon.co
1386,sharkattack.jp
3000,inseason-brand.com
4488,swingsets.com
3244,kosmetikliege-shop.de
1123,megadeth-store.myshopify.com
1422,baddsugarclothing.com
3576,creekroad.net
3781,wixmart.pl
1830,www.ernest.ca
2578,suitebenedict.com
1282,curiouscollectionstx.com
2493,shopstarfall.com
3815,alloverface.com
669,www.tholuhairbeauty.com
3021,87166b-d5.myshopify.com
2678,jin-g.ie
2097,healthvit.com
4065,casachildrenswear.com
4422,janjarvapes.com
925,brookandyork.com
1759,www.toolbazaar.co.uk
3031,letthemeatcandles.com
3289,classiccountrytees.com
4132,www.partedime.com
1690,amenstyle.com
1373,drlunettes.ma
536,eu.gobicashmere.com
2246,avonika.com
4347,silklaundry.com
2368,nestbold.com
3032,www.aladdinsouk.com
3053,tuscan-dragon.com
4138,rajeshwaritools.com
141,deanohewitts.com
2431,www.bullseyewindows.com
1176,intl.nykaafashion.com
3566,tubicicolombia.co
4776,ecommerce-consultant-team.myshopify.com
1909,art-spiration.com
2020,planet-tree.de
1063,www.royalflushvape.co.uk
2675,www.readers.com
2963,owino.dk
2823,weare.shop
2096,www.carbinic.com
2785,brandthreads.com
2907,ekhasa.com
4437,www.shop5.qa
4741,dev-store-grandshoes.myshopify.com
3628,sifrah.com
2244,boutiqueintuitive.com
2409,gaming-store20030.myshopify.com
2445,blumaka-test.myshopify.com
2296,trutt.in
2098,theheadfitness.com
1068,lichthausmoesch.de
2412,thesnacksattack.com
2906,therapygoodies.com
4239,alicepizza.hk
3394,www.hatchill.com
1360,timosh-design.com
407,www.shopmelissa.com
2167,houseofindia.us
3771,us.dbjourney.com
1152,engagementmasters.com
3480,vapepodbazar.site
999,www.medisave.com.au
1204,sourceclothing.online
500,www.mcgeeandco.com
2085,80drip.com
3070,cormantel.nl
1241,wishine-9708.myshopify.com
4121,akibaraxpress.com
3916,www.hintworld.com
1674,swissbeauty.in
3245,salonplus.fr
2039,c1ce49-4.myshopify.com
3038,www.peaulette.fr
793,netflix2chill.com
2636,skinlytical.com.br
3749,emmanoah.ch
40,modandjo.com
2077,www.aspiga.com
4152,dynopixels.com
4580,41ed3c-4.myshopify.com
1483,deakudibal.com
1603,16e87d.myshopify.com
743,www.toyzifyy.com
2724,babyandstore.com
3818,thrwbck.co
2459,www.insiderstore.com.br
3158,ordy.ma
1915,www.nilai.fr
2683,inc5shop.com
2991,survivordogtags.com
2093,www.rejusure.com
2191,bareeqldn.myshopify.com
1941,300d31.myshopify.com
3488,aunoir.shop
2001,storedevlopment.myshopify.com
4230,casparasports.com
1345,tekknoshop.myshopify.com
2091,reach2fitness.com
4454,bbb76a-15.myshopify.com
4585,fc58d6-ae.myshopify.com
2068,www.amantelingerie.in
3299,salonplus.nl
1994,monogram.zone
4044,ict-webinar-ce-test-store.myshopify.com
1657,kingscorner.store
397,fabnest.co.in
1333,vasaas.com
4229,www.sneakerbaas.nl
1766,batik.com.pk
4561,www.artavenue.com
4125,www.sonalmas.com
4196,eu.npeal.com
4246,www.kibolabel.com
4672,sakemama.com.sg
4656,lushyintimates.co
4682,www.voidx.ca
3624,wkbambi.com
4611,stay-rooted.com
1702,theclinkroom.com
3184,stagingtummers.myshopify.com
1616,www.rodial.com
4224,www.shopbloom.in
2536,roseclairwear.com
2514,qadriweaves.in
2084,charkhatales.com
3415,multitest1.myshopify.com
537,tj-dev-store.myshopify.com
1738,www.becauseofalice.com
681,vokius.com
4593,www.wakemakers.com
4133,www.belorojewels.com
4384,checkout.shopify.qa.evesaddiction.com
1992,www.secondgear.me
3200,8e5748-30.myshopify.com
3717,stylewithaltanveer.shop
2089,handscarpets.com
4119,trueagturf.com
3371,pino-dev-0428.myshopify.com
3872,omommicrochettime.com
565,shopatrio.com
3537,nununi-sdk-demo.myshopify.com
3500,thenotebookofficial.com
4143,www.nomondays.in
4321,www.thehomewareoutlet.com
2154,book-nook-kit.de
4362,uk-neweracap-development.myshopify.com
3266,beaueye.com
3992,timewondersluxury.com
3017,routinetech.store
3868,the-test-store2.myshopify.com
2342,www.cabanalife.com
3632,www.lesnicolettes.com
4298,www.bensherman.com
1634,test.danielwellington.com
1981,tcbros.com
2835,www.catercombi.com
4050,mini-me.pt
4172,www.mottleddog.com
3708,www.nandfashion.com
1521,varkalasilksaree.com
3964,bigfestival.in
3140,ownhomestyle.myshopify.com
3660,ningenshop.com
1397,moonandnight.store
4581,laceduphairco.myshopify.com
1454,www.anarchydesigns.co.uk
4096,jjoseonbeauty.com.au
3251,bigandlittledogs.com
4720,tech-u.pk
4203,us.npeal.com
2748,jimmyluxury.in
3267,upthereathletics.com
2467,piccolidoli.it
1686,frankie4.com
3727,provizsports.com
2396,staging.www.60beans.com
265,woodsala.com
3257,pedicuremotoren.nl
4213,mrpen.com
884,doughstore.com
4597,seran.com.pk
557,www.nowjewelrystore.com
1226,deepak-test-store-2.myshopify.com
4104,donnasintimi.com.br
3237,boatsnbarks.com
3461,tillyandsageinteriors.co.uk
1739,eu.becauseofalice.com
1117,www.furriends.com.au
671,www.easymall24.com
2892,homecanvas.com
3078,mixgri.com
1569,teeluxdesign.com
2118,c984b1-3.myshopify.com
4022,centroingrossobimbo.com
502,peachmode.com
956,fuse-theme-dev.myshopify.com
2928,calibre65.com
2478,www.laylacollection.com
505,www.thepurseaffair.com
4548,pulseebikes.com
3772,www.mrijaa.in
4086,exotica-development-1.myshopify.com
4730,kankatalastore.myshopify.com
3259,friseurstuhl-shop.de
738,st-uat-app-test.myshopify.com
3353,sissystock.com
4394,knitsandmore.co.in
1281,www.gigahertz.com.ph
1062,www.thehotel-linenco.com.au
3225,lokkals.com
1645,bb649d.myshopify.com
2551,mozil.net
3470,207b0c-e8.myshopify.com
4301,elitefootballfit.com
3644,ambientauy.com
3061,4146b4-7c.myshopify.com
887,www.basantikekapde.com
1596,seniorpleje.dk
4157,stg-yy.myshopify.com
2668,af5f6a-4.myshopify.com
4784,flashious.net
2090,absorbia.in
4277,vafini.com
1213,lakepress.com.au
372,myborosil.com
3131,simple-caracters.gr
3943,boandbirdie.com
1665,my.danielwellington.com
2127,stocking-fillers.ie
3515,levosystems.myshopify.com
4486,maxm-test-store.myshopify.com
639,b2b-eur.pilgrim.net
4018,757market.com
1607,jpha.co.uk
1864,kr.danielwellington.com
3481,jessartdecoration.com.au
3446,simonpearce.com
4529,punkraveclothing.com
2145,hemleyskateboarding.com.au
3395,seamolly.com
3379,thestick.company
1134,petit-bateau.hk
3820,www.salewunder.com
548,lonelykidsclub.com
3735,www.lamarquezone.fr
2951,featurement.de
3241,gabicci.in
1041,hobo.com.pk
4248,gingiberi.com
797,tindahan-ni-kuys-pao.myshopify.com
4282,themuseartlab.com
4547,moristationery.myshopify.com
4273,onlineembroiderydesigns.com
2365,anahanaflower.com
1630,imhco.shop
3880,48a2aa-17.myshopify.com
823,www.cassbrothers.com.au
1223,paramacalcutta.com
3564,www.krausjeans.com
4507,topbrands.com.co
3698,www.pepemio.com
2067,manas-test.myshopify.com
2322,www.grouper-roma.it
4506,5a703d-20.myshopify.com
1527,vendingsuperstore.co.uk
4327,bundle-maker.myshopify.com
1432,kora-eco.com
817,ravneet-store-2.myshopify.com
2571,ulyssesboutique.com
4354,www.toutdecora.com.br
2527,www.thegallery.com.br
4238,www.sujatra.com
1246,combatcloset.com
4004,saadshaikh.pk
3060,www.planet-cards.com
4396,www.tresmode.com
2597,www.aleadergear.com
617,gratefulseasons.com
2779,intersport.com.au
4754,silversal.com
1863,jp.danielwellington.com
1930,nathanjames.com
3252,6f81dd-4b.myshopify.com
3036,zinklondon.in
3954,toucheprive.com
4117,reynaturals.com
2911,www.artrostic.com
3971,hertexhaus.co.za
995,www.medisave.co.nz
4684,goodhoodstore.com
3908,shopiammi.com
1077,kimonix-partner.myshopify.com
2621,coofandy.com
3853,se.dbjourney.com
1515,www.aachho.co
3009,concept-u.it
1059,www.berrysjewellers.co.uk
2500,eu.poloclub.com
1969,furrysdelight.com
1825,thefitville.com
1439,47fbef.myshopify.com
2426,exercere.dk
833,shopsocialandco.com
2390,sanriomerchandise.com
3178,www.saintmuze.com
1892,flourish.shop
2036,testctx1.myshopify.com
3775,www.linkpneus.com.br
1850,onesecret.it
1510,www.capablechampions.fr
1448,acaioutdoorwear.com
660,liteshop.co.uk
4113,www.mulmul.co
2032,5be519.myshopify.com
3013,c9d320-2.myshopify.com
3211,gs-sandbox.myshopify.com
983,thepiqoprojector.com
1946,fureveradorable.com
2354,www.pawhouse.uk
1862,eu.danielwellington.com
507,doeraa.com
23,saad-dev-shop.myshopify.com
146,brownliving.in
915,stormchasingsuppliers.com
985,greenland-balls-2013.myshopify.com
3671,sgalphadevstore1.myshopify.com
1929,www.emmanoah.de
4291,checkout.piazzaitalia.it
1020,lafleurlingerie.com
1193,effective-sport.myshopify.com
616,shopopenboxoutlet.com
1094,myhdboutique.com
3945,cremecastle.in
530,www.okimono.nl
1566,9021b5.myshopify.com
1878,arkkaccess.com
1870,www.grand-store.store
2009,swagdreamzco.myshopify.com
778,quatropi.com
2884,www.1workshop.co
1021,ourparadiso.co
4652,5c66b3-ea.myshopify.com
1305,tempoqwatch.com
2972,concept-u.es
1912,demo-pos-syfer.myshopify.com
2702,ofypets.com
2988,yufta.com
3681,priyaasi.com
2289,techworldireland.com
4575,gioia.in
1619,www.anko.co.in
2693,therosesworldcoins.com
3745,www.ementasb.com
184,remedial.de
969,sartale.com
121,www.flexliving.net
1084,www.mgsalon.co
1533,www.orbitdvd.com
3327,pabung.com
4336,www.jakartacarpets.com
4141,adenjewelry.com
4094,bosycoys.com
2728,avblmrkt.com
2066,us-shop.esl.com
2339,us.frankie4.com
3104,thecatholicbumperstickercompany.com
3359,zake-us-store-test.myshopify.com
2901,9c10a3-5.myshopify.com
4536,alsanasende.com.tr
4090,hoiervintage.com
2789,officialzenjewelry.online
4222,emmanuelactive.com
2476,www.campbound.com
3020,gameshop1.com.br
1872,jo-and-co-home-dev.myshopify.com
741,pharaohcollection.com
919,muppetkids.com
277,www.discounterspoolandspa.com
296,www.femmella.com
140,rocky-test-store.myshopify.com
4098,prettylavish.co.uk
534,backduor.com
3107,badinka.com
1055,ubiksupply.com
1604,prettygirl-blings.myshopify.com
2157,www.luxelore.co.uk
442,utcollection.com
1222,healthland.com.kw
270,smcfashion.com
1587,www.urbanspacestore.in
2469,www.dennislingo.com
1560,quidvolo.myshopify.com
1110,shop.anthrax.com
666,petportrait.io
2231,4c7fb3-2.myshopify.com
283,wellversed.in
739,augustusoutlet.com
1067,0ec58c.myshopify.com
772,littlebundleofjoy.store
2613,trendywearings.com
3278,theturbanworld.com
1673,auricskincraft.com
2115,gypsyentertaining.com
2586,c9ed01.myshopify.com
1974,famwalls.com
358,raraboys.com
195,shiffone.com
285,aeoapac.myshopify.com
3733,dennison.in
877,greenlandballs2013.myshopify.com
547,remofashion.net
459,www.catchyportal.com
670,truecarters.top
524,myothertestingshop.myshopify.com
344,nxt-apparel.com
347,shoplazastore.com
353,ecopawpact.myshopify.com
409,savashopco.myshopify.com
497,ecomodaxstore.myshopify.com
110,originsandco.com
452,cambridgetestshop.myshopify.com
356,furniturecity.com
620,taiwango.us
611,theoptimistla.com
4631,puppyjo.com
3913,b2b-nok.pilgrim.net
1116,shop.robzombie.com
4781,www.fairytale.eco
1681,thebetterhome.com
2915,magaonline.us
2443,4c5204-6.myshopify.com
2501,basilandpine.com
609,strappz.com
2774,petsdealdepot.com
1050,ca-onsideshe.myshopify.com
2356,3cccdd-5.myshopify.com
2612,03be85.myshopify.com
4083,cartasunlimetedlatam.com
3135,cccouture-1.myshopify.com
2512,my-merc.com
2648,barwhiznc.com
2389,lightoflenore.com
3739,mikkoci.store
3812,lafabriquedutissu.com
2559,euvonova.in
2877,oxfordpersonalshopper.com
3321,6730c4-70.myshopify.com
3230,fbl-nakamichi-dev.myshopify.com
3068,www.stuffsell.cz
3597,jetkodis.fr
2800,www.relovedstudio.co.uk
3167,fitfootballkits.myshopify.com
2622,81c7a6-5.myshopify.com
4457,silkaaz.com
662,toshijewels.com.au
4205,test-store-sleeper.myshopify.com
539,us.gobicashmere.com
109,beermax.myshopify.com
2318,superdealclubber.com
2357,bubbaandbeau.co
847,forherfitness.com
1209,huttoniandesigns.com
1159,rupo.uy
3473,newcheckbox.myshopify.com
3285,us.kreeva.com
4455,goairshop.com
1550,saurav-test-store-01.myshopify.com
4449,decathlon.com.lb
316,c2.clothing
4312,l-t.dev.y1.de
2965,313boutique.com
4438,nipissingairsoft.com
3028,us.bodenstaging.com
2278,worldofdice.de
3541,diffy-test.myshopify.com
4148,egainers.com
3088,kreiit.co
2405,www.thebohobasement.com
4595,7e0a8f-56.myshopify.com
4608,bearyteddy.com
3416,teawards.ca
3209,bblunt-head.myshopify.com
4763,bookhero.co.nz
1970,eta-test.myshopify.com
3372,pino-dev-0403.myshopify.com
3618,zurori.com
3169,b58fe4-ab.myshopify.com
1471,www.sequoiastores.com
4622,ravneet-store-4.myshopify.com
2410,ash-test-2.myshopify.com
2854,unique-goodies.com
3704,www.wholesalesparkle.com
3590,coonline.site
1455,lime-lush-staging.myshopify.com
3639,saltycrush.com
1413,ecoemporium.world
2255,aramdecorations.com
3089,kinful-checkout.myshopify.com
2673,albihadi.com
1854,www.bumkins.com
4756,pawsnatural.ca
2955,bodydia.com
3501,www.magicalastro.in
4459,book-hero-dev.myshopify.com
3843,cultsportnewtest.myshopify.com
2492,canadabiltong.com
2394,lilptest.myshopify.com
1937,amzstamp.myshopify.com
4567,dripdropdeals.com
2864,f1c1c2.myshopify.com
1717,rykerclothingco.com
2364,naturaselection.com
4484,rad-test-store-321.myshopify.com
3018,sludg.co
4572,vitaelitaria.com
3181,hanka-apps.myshopify.com
2737,manolitobooks.com
3788,thenovinc.com
4221,3dmy-lev.com
378,natural-store-appmaker.myshopify.com
384,data99.myshopify.com
3882,moorethrottle.com
952,donegood.co
2681,american-society-of-cinematographers-staging.myshopify.com
1637,eu.rodial.com
2992,boden-row-uat.myshopify.com
1457,christmastraditions.com
4538,np-shreya-01.myshopify.com
4594,6b4620-d3.myshopify.com
4420,quickstart-35c4da13.myshopify.com
4349,mystorebassej35.myshopify.com
248,www.pilgrim.net
3429,swiftsprints.myshopify.com
4186,dev.disturbia.co.uk
1093,skyclothes-6728.myshopify.com
1503,www.flipstylezfashions.com
3689,www.dreamlandjewelry.com
3858,everwallpaper.com
3952,localbrandviet.com
3606,techtrendez.shop
1254,noorban-313.myshopify.com
2552,cartelwesternwear.myshopify.com
2646,oukitel-inl.myshopify.com
3637,novinea.fr
2610,blushfashionstore.nl
757,www.stickitup.xyz
728,uat-reddressboutique.myshopify.com
2239,www.ikhanate.com
2392,streetzone.es
3958,bldjoias.com.br
820,roxannefirst.com
260,plumgoodness.com
3177,shopify.chucker.store
3720,unoliving-dk.myshopify.com
2654,sorter22.myshopify.com
2267,pinto.gallery
1559,www.modhausbeauty.com
4211,pa.founditpreloved.com
3941,slmbrapparel.com
2336,wickedfantasydesigns.com
4760,jamaligarden.myshopify.com
3713,feminyn.com
2644,eterlubian.com
3490,climcat.com
3617,903bd8-2.myshopify.com
4628,sandbox.pureromance.com
1578,3bbfcc-4.myshopify.com
1953,crafteecreationz.com
4423,quickstart-368262df.myshopify.com
1502,www.chockadoo.com.au
3314,www.milkedofficial.com
295,blackberrys.com
4629,c49d04-83.myshopify.com
3190,kioupi.art
2562,www.limelush.com
4265,wellnessgg.com
2812,www.gowfb.ca
3798,www.underwearstation.com
3599,venturingearth.com
3995,www.leingbox.com
1056,gordons-test-store-a.myshopify.com
4530,d23store.myshopify.com
3728,7deb93-c8.myshopify.com
3743,tashanoel.com
261,danielmsm.myshopify.com
310,stave-brook-seeds.myshopify.com
3141,c981a4-57.myshopify.com
4091,yay.paris
756,nectarclothing.com
4363,unfazed.ro
2420,tealtigershop.com
612,www.tellershop.com
155,crooksncastles.com
4582,woodtiness.com
658,hk.francfranc.net
4604,de-udiscover-stage.myshopify.com
2656,flowersnearme.us
4705,www.levinehat.com
1153,tiaclasse.com
682,belovedeverything.com
3483,portal.hostgpo.com
1374,imbodhi.co
1480,astarcl.com
2787,www.kundegeschaft.de
210,buytaiwanonline.com
2300,loveteme.com
3325,vivstone.com
2076,sf.chucker.store
2045,www.justswimsuit.com
2993,9036b1-3.myshopify.com
4151,chappily.com
3884,www.tictacx.com
1726,www.oasisskincareix.com
4654,vikas-development.myshopify.com
4193,www.disturbia.us
3381,teenstore22.store
2505,mallorin.myshopify.com
734,kalifano.com
653,theblackfade.com
1783,thefitville.de
2639,ariathefox.com
4428,12c1e3-58.myshopify.com
3223,www.marcjanie.com
1156,ruerussell.net
3291,3fb752-6e.myshopify.com
1648,sharpentheaxeco.com
3737,psychedelicoverdose.com
4713,diamondwear.org
4659,jentestore-prod.myshopify.com
3852,dbjourney.com
3635,www.highstar.in
4689,quicksmartbuys.com
4324,www.uniforms4healthcare.com
102,dicci.eu
677,www.watchvault.com.au
4053,www.shopreedycreek.com
2163,test3-wt.myshopify.com
1740,us.becauseofalice.com
4296,conran-uk-sandbox.myshopify.com
4723,bas-development.myshopify.com
2757,nooran-kw.com
703,chasebrasil.com
4439,lacasadeloutlet.cl
3570,wholesale.squeezedecitron.com
3608,bobclark.com
860,beta-devops.myshopify.com
3340,atomiccattiedye.com
3610,globawayy.com
3279,www.foreverrad.com
2150,vizerdev.myshopify.com
1852,jardinvelharia.com.br
1722,liberationislit.com
2805,altriji.nl
3592,livingdna.sg
3686,277c8e-88.myshopify.com
2053,brianlanedesigns.com
3889,delibertiboutique.com
178,www.btngems.com
765,learn-theme-sayudha.myshopify.com
1024,mobilo-long-demo-store.myshopify.com
4331,falshop.online
137,goofytails.com
862,www.smokeglassvape.com
4069,page-a-day-staging.myshopify.com
3666,boutiques.co.il
4427,atties-test-store.myshopify.com
3438,base-egypt.com
705,www.passenger-clothing.com
2435,iklaud.myshopify.com
3792,mikarno.com
3055,syrupstores.com
1544,scaglioneischia.com
2498,online-gallery-shows.myshopify.com
4700,360and5-test.myshopify.com
4160,horfgh.myshopify.com
4679,4ce054-e0.myshopify.com
1773,backpackeroutdoors.com
668,sparklezstores.com
2762,dacobi.sk
3493,www.trojanwss.com.au
3654,www.eggka.com
39,themomstore.in
2946,ccf9d5-d5.myshopify.com
4509,www.zypo.us
4188,thegadgetgorilla.com
4565,www.offfset.com
2948,eab0dc-d0.myshopify.com
3911,b2b-sek.pilgrim.net
2815,streetsofkarlsruhe.com
4651,zhenyaceramics.com
3148,uptherestore.com
1312,gelindiamond.com
3778,indiangrinders.com
2848,selectvendor.myshopify.com
872,getgoingneha1.myshopify.com
2421,484e09.myshopify.com
4678,zukeishop.com
3085,iizo.shop
3204,www.christmaslightcontractorsusa.com
2363,justmotion.store
2286,myversapet.com
2860,5f1509-a2.myshopify.com
3120,keymaxtech.myshopify.com
1260,01dcdf.myshopify.com
3443,9aa10d-c5.myshopify.com
3688,aa6276-41.myshopify.com
3144,sportsexcellence.com
1675,89b1f4-3.myshopify.com
2427,utopiemoda.myshopify.com
2888,test-store-7-colman.myshopify.com
1571,unystar.com
2741,shoplmqd.com
2776,myhoodiex.com
2866,theexchange.com
2054,1c22fc-3.myshopify.com
2696,a2d614-3.myshopify.com
1986,ubiaka.myshopify.com
2018,4ecd7c.myshopify.com
2277,904276.myshopify.com
274,anime-costumes-macchar-company.myshopify.com
1229,flspringlife.com
2256,puffingbird.com.au
2620,www.madisonsniche.com
1141,freakinmoose.com
1711,www.christmascardfactory.co.uk
2254,6efddd-3.myshopify.com
3780,www.furitekusa.com
1097,dionis.kitchen
1347,arcade-lk-online-shopping.myshopify.com
2232,www.novumcasa.com
2241,360homez.com
4499,kennethcole-dev.myshopify.com
1004,bonjourclothings.myshopify.com
2297,florenzfashion.com
2726,shopvrinda.in
2749,social-trust.myshopify.com
4738,king-attitude-store.myshopify.com
2608,simply-diamond.com
1121,www.shopatwavelength.com
1278,0bc64e.myshopify.com
2522,momono.co
2739,appsalon-demo.myshopify.com
4715,gorillaoutfit.com
2373,bestgiftsmade.com
1358,goatali-9871.myshopify.com
2549,cartts.shop
2144,julymeldesign.com
2298,7ab2b3-4.myshopify.com
1317,7070ad-2.myshopify.com
1536,quatervoisclothing.com
1335,formykid.net
153,fordirtybydirty.com
568,f1b548.myshopify.com
1435,2023tk.cn
1516,92fa6e.myshopify.com
1555,40fccb-3.myshopify.com
852,consultoria-homologa.myshopify.com
1145,www.goldengracedistrict.com
1188,42cc93-2.myshopify.com
1361,6f745c-2.myshopify.com
1434,mrcmarket.store
748,innitpets.com
870,boden-ify.myshopify.com
1074,depozituldeflori.ro
1218,thegearb.myshopify.com
1232,somosilumina2.com
1577,dreamshirts.org
1851,52c750-3.myshopify.com
1106,yillosocks.com
1235,450e62-2.myshopify.com
1316,dripdrobe.com
1548,shopoprahlondon.com
571,twobrothersindiashop.com
2253,ec2e64-3.myshopify.com
988,aditagold.co.il
1225,outfeed.it
1417,3a17c8-2.myshopify.com
1421,kpopkick.com
1430,toastrmerch.com
1535,gb-ellementry.myshopify.com
1609,9f79d4-2.myshopify.com
1689,shofyzone.myshopify.com
2171,gemakki.nl
1728,sbdnt.shop
2104,e8f320-3.myshopify.com
2110,b2b2ef-3.myshopify.com
1549,www.one-stopshop.com.co
1889,agnesstars.com
2260,fd648b-3.myshopify.com
1684,870665.myshopify.com
2035,07e694-2.myshopify.com
2038,accessoires-voorjou.myshopify.com
1574,dazzlingdivas.shop
1776,environmentalfm.co.uk
2162,jsddesignllc.com
2166,www.gorjonbd.com
2285,treehousetreasurez.myshopify.com
2078,sekta.studio
1659,snipgarner.com
2120,healthypetsarethebest.myshopify.com
2731,b43bb1-5.myshopify.com
1916,gachaponjoy.com
2188,dreamboatjay.com
2353,santagifts.online
1828,grallys.co
2029,saifff.store
2233,itschristmasseason.myshopify.com
2495,b1aa74-2.myshopify.com
2660,www.floreciente.store
2687,costumize.store
1408,alwaysfindingpeace.com
2119,fashionzodiac28.myshopify.com
2272,pomonayardvintage.shop
2303,www.rissaandfriends.com
2795,www.floreiafestas.com.br
2030,add30b-3.myshopify.com
2031,threadfactory.au
2252,shopandpuff.com
3261,www.offthetracks.eu
3301,salonplus.es
3555,laurenk.com
2279,www.holdtopic.co.uk
551,jvnutrition.com
1692,airandgracelondon.com
342,broadheadsthenbeer.com
2023,health.drmorepen.com
2755,themodestclothing.com
1567,sanitaspetshop.be
4074,portelle.co
853,www.melitea.com
308,labellaflora.com
3993,estele.co
2721,rougeus.com
3834,anastasiajewelers.com
2844,lawaterbottleaccessories.com
3391,wholesale-app-test1.myshopify.com
2442,collection-sort.myshopify.com
3970,brautboutique.shop
2315,rad-for-app-tests.myshopify.com
1538,www.the308boutique.com
2508,kfbridal.com
3030,uncommongroundstore.com
1424,www.kpop2.com
3137,petitegrace.co
1911,tokyotoybox.pl
4778,inscoder-paid-app-playground.myshopify.com
4576,jojo-diy.com
3805,687899-c2.myshopify.com
1157,gianthoodies.com
4136,devittcollectables.com
3826,italskebrasnarstvi.cz
3258,wpstore-dev.myshopify.com
355,fuzehome.com
2733,www.liquidatorsllc.com
3822,elicandra.com
3247,www.aleensale.com
3420,www.beenaboo.com
4513,calypsostbarth.com
3978,fancity.es
2359,nivetta.com
3387,makento.co.za
404,shop-melissa-dev.myshopify.com
1208,lukalifestyle.com
3614,soyoushop.com
4385,en.hatchill.com
2677,quickstart-fa340522.myshopify.com
4256,www.zen-zone.ch
3062,fromliking.com
4334,www.thementhing.com
2689,techesmax.com
2288,www.groovygolfer.com
4603,www.agosto18.com
4294,souqify.com
3408,vicbrancy.com
3647,fadedblk.com
4462,drakare.fr
3747,bitbybit-studio-demo.myshopify.com
2889,ctbaby.us
636,ornatejewels.com
3218,alif-creator-1.myshopify.com
142,www.rockymountainsoap.com
3486,ophirhome.myshopify.com
1977,alles-kauf.de
4640,prints.mikkeller.com
4518,loscabosshoes.com
4343,superpromo.ro
3591,theethnic.co
1499,pinggadgets.com
961,stethoscope.ca
2479,1millionarte.com
3870,milkedandcookies.com
998,bluekazoo.games
3895,ebestever.com
3227,campcraftworld.com
2599,www.lilroyals.in
4736,rpc-dev.myshopify.com
700,smartmarket.ma
2579,shop-us.simonerocha.com
3015,5-elements.co.in
1337,boden-development.myshopify.com
3764,www.gaming-pc-builder.com
2708,zeresouq.com
1652,kickedout.shop
4675,atlasbeauty.ma
2037,testappsv.myshopify.com
4612,angelandrocket.in
3382,3248d8-8d.myshopify.com
628,blank2complete.com
2156,shop.esl.com
2011,merchandisingresearchpm54232.myshopify.com
4758,mshdesign.co.uk
2345,adonisunderwear.com
3722,9c0d61-0b.myshopify.com
36,fabcurate.com
1127,dev-apro.myshopify.com
3890,www.eliving.com.au
3428,amorcito.us
4424,www.ethnicelements.co.uk
4745,ef3acb-bf.myshopify.com
1680,unifitstyle.myshopify.com
2555,5thdetroit.com
3344,us.fashor.com
858,lowheads.com
2333,houseofchikankariusa.myshopify.com
1135,bonkids.in
1868,accessorize99.myshopify.com
790,tj-dev-store-2.myshopify.com
4017,bdiwearparts.com
2855,urbaneglow.com
4779,store.cityofdavid.org.il
2990,vorge-verve.com
38,www.saltrock.com
686,standardspice.com
2658,sparowhome.com
749,macduggal.com
2504,ekaya.in
1834,www.cultcrush.co.za
3782,wafuu.com
2604,bcbg.com
2760,dacobi.hr
2142,www.bombayshirts.com
3927,uspoloassn.in
3625,dope-factory.com
4242,a7fac5-98.myshopify.com
4516,fridaa-test-store.myshopify.com
4662,umaisyasir.pk
1027,papudesign.fi
1214,jjshorts.com
